<?xml version="1.0" encoding="utf-8" standalone="yes"?>
<application xmlns="http://ns.adobe.com/air/application/3.4">
    <id>sample-1</id>
    <versionNumber>1.0</versionNumber>
    <filename>sample-1</filename>
    <description></description>
    <!-- To localize the description, use the following format for the description element.
	<description>
		<text xml:lang="en">English App description goes here</text>
		<text xml:lang="fr">French App description goes here</text>
		<text xml:lang="ja">Japanese App description goes here</text>
	</description>
	-->
    <name>sample-1</name>
    <!-- To localize the name, use the following format for the name element.
	<name>
		<text xml:lang="en">English App name goes here</text>
		<text xml:lang="fr">French App name goes here</text>
		<text xml:lang="ja">Japanese App name goes here</text>
	</name>
	-->
    <copyright></copyright>
    <initialWindow>
        <content>sample-1.swf</content>
        <systemChrome>standard</systemChrome>
        <transparent>false</transparent>
        <visible>true</visible>
        <fullScreen>false</fullScreen>
        <autoOrients>false</autoOrients>
        <aspectRatio>portrait</aspectRatio>
        <renderMode>auto</renderMode>
    </initialWindow>
    <customUpdateUI>false</customUpdateUI>
    <allowBrowserInvocation>false</allowBrowserInvocation>
    <icon></icon>
<iPhone><requestedDisplayResolution>standard</requestedDisplayResolution><InfoAdditions><![CDATA[<key>UIDeviceFamily</key><array><string>1</string><string>2</string></array>]]></InfoAdditions></iPhone></application>